name,username,birthdate,email,sex,phone
Dr. Edison Thompson,thompson.edison.dr,1973-02-01,thompson_dr_edison@hotmail.com,male,99295760
Stacy Brown,stacy.brown,1987-08-11,stacy_brown@yahoo.com,female,91891268
Natalie Kertzmann,natalie_kertzmann,1957-05-27,kertzmann.natalie@hotmail.com,male,93968777
Tyra Streich,streich.tyra,1975-11-06,tyra.streich@hotmail.com,male,96865714
Julian Schiller,schiller.julian,1986-02-07,julian_schiller@yahoo.com,male,99381208
Veronica Bogisich,bogisich_veronica,1976-05-11,veronica.bogisich@hotmail.com,female,92123807
Miss Hailie Waters,waters.hailie.miss,1964-01-27,hailie.miss.waters@gmail.com,male,93192339
Terry Lubowitz,lubowitz_terry,1972-10-03,terry.lubowitz@yahoo.com,male,95739377
Leola Leffler,leffler_leola,1984-05-05,leffler_leola@gmail.com,female,92871588
Marcelle Murphy,marcelle.murphy,1977-01-26,murphy_marcelle@gmail.com,male,94413830
Mrs. Emiliano Weimann,emiliano.weimann.mrs,1952-05-28,mrs_weimann_emiliano@yahoo.com,male,97361842
Mrs. Rowena Kling,rowena.kling.mrs,1971-08-26,kling.mrs.rowena@gmail.com,female,91215544
Verona Kub III,verona.iii.kub,1993-05-14,kub_iii_verona@yahoo.com,female,91550653
Mason Brown,mason.brown,1985-04-09,mason_brown@yahoo.com,male,95050326
Ryan Hagenes,hagenes.ryan,1977-08-21,ryan_hagenes@hotmail.com,female,93836367
Ron Schultz,schultz.ron,1959-01-07,ron_schultz@gmail.com,male,94930659
Martine Beahan,martine.beahan,1992-12-25,martine_beahan@hotmail.com,male,92332017
Aiden Russel,russel.aiden,1957-11-15,russel_aiden@yahoo.com,female,92121516
Ewell Prohaska,ewell_prohaska,1994-04-30,ewell_prohaska@gmail.com,female,92980664
Melyssa Wehner,melyssa_wehner,1969-03-09,melyssa.wehner@gmail.com,female,98616386
Kaden Bednar MD,md.kaden.bednar,1996-01-04,md_kaden_bednar@hotmail.com,female,90422299
Ms. Jena Mayert,mayert_ms_jena,1974-11-24,ms_mayert_jena@hotmail.com,female,97664173
Remington Kuhic,kuhic.remington,1976-04-19,remington_kuhic@yahoo.com,female,91334872
Gordon Homenick Jr.,homenick.gordon.jr,1995-01-04,homenick_gordon_jr@yahoo.com,male,97091772
Damian O'Reilly I,i.o.damian.reilly,1954-10-27,i.reilly.o.damian@yahoo.com,female,95311643
Allison Reynolds,reynolds_allison,1995-02-14,reynolds_allison@gmail.com,male,92332661
Maximilian Funk,funk.maximilian,1978-08-13,maximilian.funk@gmail.com,female,90913028
Marianna Williamson,williamson.marianna,1981-07-08,williamson_marianna@hotmail.com,female,99854999
Marta West,marta.west,1966-02-06,west_marta@gmail.com,male,99387385
Grayson Kuhn MD,kuhn_md_grayson,1966-06-23,kuhn_md_grayson@gmail.com,male,99480548
Dino West II,west_ii_dino,1966-11-30,dino.ii.west@yahoo.com,male,99890518
Ignacio Kautzer IV,iv.kautzer.ignacio,1972-08-14,kautzer_iv_ignacio@yahoo.com,male,97391742
Columbus Hermiston,columbus.hermiston,1982-01-09,hermiston.columbus@yahoo.com,female,90593884
Candido Harris,candido.harris,1990-07-03,candido_harris@yahoo.com,male,90792446
Arden Champlin,arden_champlin,1970-03-25,arden_champlin@yahoo.com,female,92153640
Reggie Cormier MD,reggie_cormier_md,1967-11-24,reggie_md_cormier@yahoo.com,female,94701031
Savannah Rice,savannah_rice,1986-02-07,rice.savannah@hotmail.com,female,90198125
Asha Franecki MD,franecki.asha.md,1969-05-22,franecki_asha_md@gmail.com,female,95319142
Wayne Keebler IV,wayne.keebler.iv,1993-06-28,iv_keebler_wayne@yahoo.com,female,96817619
Caroline Terry,caroline_terry,1989-07-26,caroline_terry@yahoo.com,female,95631224
Maximilian O'Conner,o.maximilian.conner,1975-05-22,maximilian_o_conner@hotmail.com,female,93810949
Jalon Schaefer,schaefer.jalon,1996-11-05,jalon_schaefer@gmail.com,female,99053160
Miss Sandra Emmerich,sandra_miss_emmerich,1960-06-29,sandra.miss.emmerich@gmail.com,female,90400393
Celine Huel,celine_huel,1995-02-11,celine.huel@yahoo.com,female,92294957
Miss Carter Hamill,hamill_carter_miss,1967-03-14,hamill_miss_carter@gmail.com,female,96560882
Moses Ferry,ferry_moses,1987-07-06,moses.ferry@hotmail.com,male,93767565
Jazmin Feest,feest.jazmin,1959-04-09,jazmin.feest@yahoo.com,female,96908325
Antwon Simonis IV,simonis_antwon_iv,1965-10-31,antwon.iv.simonis@yahoo.com,female,90158037
Fred Barton,barton_fred,1996-06-11,fred.barton@gmail.com,female,97730375
Gus Senger,senger_gus,1976-07-18,gus_senger@hotmail.com,female,90903633
Jacey Lebsack DVM,jacey_dvm_lebsack,1976-05-07,dvm.lebsack.jacey@hotmail.com,male,94824452
Nico Muller,nico.muller,1954-06-24,nico_muller@hotmail.com,female,95536629
Norval Auer,auer.norval,1950-02-20,norval.auer@gmail.com,male,90301336
Bettie Kautzer,kautzer_bettie,1995-06-02,bettie_kautzer@yahoo.com,female,94692525
Mrs. Lisandro MacGyver,lisandro_mrs_macgyver,1996-01-30,lisandro_mrs_macgyver@yahoo.com,female,93657521
Julio Hagenes,julio.hagenes,1952-01-11,hagenes_julio@yahoo.com,female,91890820
Ezekiel Glover,glover_ezekiel,1987-03-29,ezekiel.glover@yahoo.com,male,92883943
Dr. Daniela Mraz,mraz.dr.daniela,1958-04-21,mraz_dr_daniela@gmail.com,male,95196445
Effie Davis,davis_effie,1950-03-18,effie.davis@yahoo.com,male,93734357
Ms. Laura Keeling,laura_keeling_ms,1995-11-02,ms_keeling_laura@yahoo.com,male,91469159
Patsy Dach,patsy_dach,1980-03-15,patsy.dach@hotmail.com,female,98667133
Cordell Trantow Jr.,jr_cordell_trantow,1953-09-26,jr.trantow.cordell@yahoo.com,male,92019170
Robyn Kunze,robyn.kunze,1976-10-21,robyn_kunze@hotmail.com,female,90237638
Talia Jakubowski,jakubowski_talia,1970-03-30,jakubowski.talia@hotmail.com,male,91819770
Yvette Toy,toy.yvette,1984-11-02,yvette_toy@yahoo.com,female,94103405
Lukas Kilback,lukas_kilback,1953-06-03,kilback_lukas@hotmail.com,female,91479280
Jose Kozey,kozey.jose,1987-12-16,jose_kozey@yahoo.com,female,95930989
Koby Rowe,rowe.koby,1977-10-19,koby_rowe@gmail.com,female,96580295
Irwin Walter,irwin.walter,1991-07-29,walter_irwin@gmail.com,male,98989287
Elenor Heathcote,heathcote_elenor,1978-03-28,elenor_heathcote@hotmail.com,male,96179208
Dr. Tyra Moore,dr.moore.tyra,1976-11-27,dr_tyra_moore@gmail.com,female,92548011
Hanna Emmerich,emmerich_hanna,1974-09-12,hanna_emmerich@gmail.com,male,97126000
Mallie DuBuque,dubuque_mallie,1985-07-08,dubuque.mallie@yahoo.com,female,95831542
Chance Erdman,erdman_chance,1963-12-29,chance_erdman@yahoo.com,male,96415911
Lemuel Johnson,lemuel_johnson,1989-04-21,lemuel_johnson@yahoo.com,male,99893930
Uriah Lebsack,lebsack.uriah,1991-01-22,uriah.lebsack@hotmail.com,female,95781616
Mervin Jenkins,mervin_jenkins,1972-04-06,jenkins_mervin@gmail.com,male,92351943
Adelle Lebsack Sr.,adelle_sr_lebsack,1973-10-13,adelle.lebsack.sr@yahoo.com,female,93052706
Burdette Farrell,burdette.farrell,1992-10-30,farrell.burdette@gmail.com,female,94427654
Bethany Mosciski,bethany_mosciski,1980-09-29,bethany.mosciski@yahoo.com,male,91060789
Marty Waters II,ii_waters_marty,1971-02-25,ii.waters.marty@yahoo.com,female,98468141
Lorine Paucek,paucek_lorine,1989-07-23,paucek_lorine@hotmail.com,male,97728725
Savanna Upton,savanna_upton,1986-12-30,upton_savanna@yahoo.com,male,93509228
Ms. Cheyenne Gutkowski,gutkowski_ms_cheyenne,1985-06-25,gutkowski_ms_cheyenne@hotmail.com,female,94501608
Ferne Armstrong,armstrong_ferne,1981-09-10,armstrong_ferne@yahoo.com,male,92934513
Audrey Wolf,wolf.audrey,1968-06-07,audrey_wolf@gmail.com,male,94643239
Valentina Hammes,hammes.valentina,1971-01-12,valentina.hammes@yahoo.com,female,95118333
Pansy Vandervort Sr.,pansy_sr_vandervort,1959-04-09,pansy.vandervort.sr@hotmail.com,male,99252660
Leonel Doyle,doyle.leonel,1985-08-03,leonel_doyle@hotmail.com,female,95074431
Marcia DuBuque I,i_marcia_dubuque,1951-07-13,dubuque_i_marcia@yahoo.com,female,91723996
Miss Queen Hauck,queen.hauck.miss,1990-04-07,queen.hauck.miss@yahoo.com,male,92910961
Libby Schimmel,schimmel_libby,1979-06-27,libby_schimmel@gmail.com,male,96827473
Kennedy Treutel PhD,kennedy_treutel_phd,1970-06-26,treutel_phd_kennedy@hotmail.com,female,95289135
Curt Torphy,curt_torphy,1970-02-08,curt_torphy@gmail.com,female,91479460
Carmen Kozey II,carmen_kozey_ii,1995-06-13,kozey.ii.carmen@yahoo.com,male,97781881
Annamae Bergstrom Sr.,sr_annamae_bergstrom,1992-02-07,sr_bergstrom_annamae@gmail.com,female,98795689
Mrs. Ila Satterfield,ila.satterfield.mrs,1982-03-07,ila.satterfield.mrs@hotmail.com,male,91489028
Zella Rau,rau.zella,1995-01-30,rau.zella@gmail.com,female,90955142
Baylee Balistreri,baylee_balistreri,1950-10-24,baylee.balistreri@hotmail.com,female,97102688
Reece McCullough,mccullough_reece,1995-03-17,mccullough_reece@yahoo.com,male,95378502
Monty Crona,crona_monty,1961-12-10,monty.crona@hotmail.com,male,98028642
Lionel Quigley,lionel_quigley,1950-01-25,lionel.quigley@yahoo.com,female,93721479
Jessyca Krajcik,jessyca.krajcik,1993-04-29,krajcik_jessyca@hotmail.com,male,91218523
Miss Faye Casper,faye_miss_casper,1963-01-01,miss.casper.faye@hotmail.com,female,95472140
Nayeli Carter I,i_carter_nayeli,1953-05-07,nayeli_carter_i@hotmail.com,female,90358903
Martina Buckridge III,buckridge_martina_iii,1960-11-07,iii_buckridge_martina@yahoo.com,female,90356917
Ms. Graciela Simonis,ms.simonis.graciela,1963-11-14,ms.graciela.simonis@yahoo.com,male,98259423
Garland Johnston,johnston_garland,1956-09-06,garland_johnston@gmail.com,male,90043267
Evans Lynch,lynch.evans,1973-11-20,lynch.evans@yahoo.com,female,94978116
Sedrick Hackett,sedrick_hackett,1962-06-01,sedrick_hackett@hotmail.com,male,99926142
Vernie O'Keefe,vernie.o.keefe,1965-05-29,keefe.o.vernie@hotmail.com,male,98435356
Dr. Madelyn O'Hara,madelyn.dr.o.hara,1962-08-31,hara.o.dr.madelyn@hotmail.com,female,97123758
Marilou Feest,feest.marilou,1952-11-14,marilou.feest@hotmail.com,male,91940520
Anika Kemmer,anika.kemmer,1956-07-12,kemmer_anika@yahoo.com,male,90398800
River Walsh,walsh.river,1984-07-26,walsh.river@gmail.com,female,92209936
Sylvia Stamm,stamm_sylvia,1989-11-01,stamm.sylvia@gmail.com,female,93685040
Arlo Bergnaum,bergnaum_arlo,1975-11-22,bergnaum_arlo@hotmail.com,male,93284188
Evalyn Beahan,evalyn.beahan,1964-02-06,evalyn_beahan@hotmail.com,male,90242878
Howard Smitham V,howard_v_smitham,1975-02-27,v_smitham_howard@hotmail.com,male,99100513
Danika Schowalter III,schowalter_iii_danika,1980-01-24,iii.schowalter.danika@gmail.com,female,96740355
Boris Beahan MD,boris.md.beahan,1974-03-06,beahan_boris_md@hotmail.com,male,95995801
Rubye Gaylord V,v_gaylord_rubye,1977-11-12,rubye_v_gaylord@yahoo.com,female,91351780
Orval Wehner DVM,dvm_orval_wehner,1963-06-07,dvm.orval.wehner@gmail.com,female,91579533
Rolando Considine,rolando_considine,1986-09-07,considine_rolando@hotmail.com,male,90251927
Chloe Larson,chloe_larson,1977-09-20,chloe.larson@gmail.com,male,94617368
Woodrow Ullrich,woodrow.ullrich,1975-08-19,woodrow.ullrich@yahoo.com,female,97463023
Eileen Langworth,langworth_eileen,1976-09-16,eileen.langworth@hotmail.com,female,98465992
Piper Bode,bode.piper,1954-11-18,piper_bode@gmail.com,male,95850230
Miss Ariel Trantow,trantow_miss_ariel,1965-05-06,miss_ariel_trantow@hotmail.com,male,91639537
Verla Oberbrunner,verla.oberbrunner,1965-10-17,oberbrunner_verla@hotmail.com,female,98924825
Lucius Braun,braun.lucius,1951-03-05,lucius_braun@hotmail.com,male,99792383
Justen Lubowitz Sr.,lubowitz_sr_justen,1994-08-10,justen_lubowitz_sr@gmail.com,female,95633327
Etha Graham,etha.graham,1969-07-27,etha.graham@gmail.com,male,91865546
Clovis Sanford Sr.,clovis_sanford_sr,1977-06-30,sanford.sr.clovis@yahoo.com,male,99551110
Malika Legros,malika_legros,1967-08-26,malika.legros@hotmail.com,male,90451498
Greta Pouros,greta.pouros,1961-11-20,greta.pouros@gmail.com,male,97887097
Isobel Cruickshank Jr.,isobel_cruickshank_jr,1960-06-06,cruickshank_jr_isobel@hotmail.com,female,99633635
Krystal Fahey,fahey.krystal,1971-09-23,fahey.krystal@hotmail.com,male,93337901
Nigel Borer,nigel.borer,1982-07-27,nigel.borer@gmail.com,female,94923133
Fritz Jenkins,jenkins_fritz,1959-07-06,fritz.jenkins@yahoo.com,female,91586675
Ethyl Zieme,ethyl_zieme,1954-02-18,ethyl_zieme@hotmail.com,female,94041091
Alfonso Schumm MD,schumm.md.alfonso,1964-05-31,md.schumm.alfonso@yahoo.com,male,99487144
Miss Tavares Baumbach,miss_baumbach_tavares,1958-07-17,baumbach.miss.tavares@yahoo.com,female,94334565
Fern Kreiger,kreiger_fern,1960-08-02,fern_kreiger@yahoo.com,female,94385394
Tyra Bogan,tyra_bogan,1968-03-01,bogan_tyra@gmail.com,male,98557930
Mrs. Giovanny Morissette,giovanny_mrs_morissette,1961-08-29,giovanny.mrs.morissette@hotmail.com,male,97413798
Dr. Madge Kunde,kunde_dr_madge,1955-08-16,kunde.dr.madge@yahoo.com,female,90315403
Jackeline Williamson,jackeline_williamson,1984-06-20,williamson.jackeline@hotmail.com,female,93613604
Mrs. Ellis Corwin,corwin_ellis_mrs,1970-01-13,mrs.ellis.corwin@hotmail.com,male,93845921
Simeon Schmeler MD,schmeler_md_simeon,1967-01-18,md_schmeler_simeon@yahoo.com,female,92975635
Domenic Klocko,klocko_domenic,1990-03-08,domenic_klocko@yahoo.com,male,94260551
Chadrick Cummings,chadrick_cummings,1960-10-19,cummings.chadrick@yahoo.com,female,94833871
Mariane West,west.mariane,1962-01-06,mariane.west@hotmail.com,female,94710905
Rylan Borer,rylan_borer,1969-07-20,borer_rylan@hotmail.com,female,90818235
Al Bernhard,bernhard.al,1987-05-11,al_bernhard@hotmail.com,female,99906340
Dominique Jenkins,jenkins.dominique,1964-02-16,dominique_jenkins@gmail.com,female,96374925
Mrs. Wanda Gleason,wanda_gleason_mrs,1971-09-21,mrs_gleason_wanda@hotmail.com,male,99560708
Donnell Leannon,donnell.leannon,1951-03-23,leannon_donnell@yahoo.com,male,96088293
Kavon Grant,grant_kavon,1970-05-09,grant_kavon@yahoo.com,male,96689958
Lenny Aufderhar,lenny_aufderhar,1966-06-19,aufderhar.lenny@gmail.com,female,95345014
Darien Rutherford,rutherford_darien,1951-10-23,rutherford_darien@gmail.com,male,99136270
Mr. Lavon Marks,lavon.mr.marks,1962-04-08,mr_marks_lavon@gmail.com,male,94064341
Rodrick Reilly,reilly_rodrick,1959-12-31,reilly_rodrick@hotmail.com,female,99094014
Cristobal Crooks,crooks.cristobal,1983-12-06,cristobal.crooks@gmail.com,male,96948085
Liana Donnelly,donnelly_liana,1957-02-10,liana.donnelly@hotmail.com,male,94735389
Matt Jenkins,matt.jenkins,1979-09-11,jenkins.matt@gmail.com,female,92956885
Otilia Kerluke,kerluke_otilia,1975-06-21,otilia.kerluke@gmail.com,female,97531860
Ethyl Bruen,ethyl_bruen,1984-03-31,ethyl.bruen@gmail.com,male,90282121
Ray Haag,haag_ray,1980-06-08,ray.haag@gmail.com,male,96777956
Alfonso Heller,alfonso.heller,1980-09-24,alfonso_heller@gmail.com,female,97252299
Benny Grimes IV,benny.grimes.iv,1951-05-05,iv.benny.grimes@yahoo.com,male,95002876
Nicolette Murazik,murazik_nicolette,1962-08-06,murazik_nicolette@yahoo.com,male,98756964
Dina Kovacek PhD,phd_kovacek_dina,1984-09-18,phd.kovacek.dina@yahoo.com,male,96095596
Tristian Rosenbaum,tristian.rosenbaum,1989-03-12,tristian.rosenbaum@yahoo.com,female,90340069
Jules Davis,davis_jules,1972-08-07,jules.davis@hotmail.com,male,96176003
Tommie Lynch,tommie.lynch,1984-12-06,lynch_tommie@yahoo.com,male,96402690
Dr. Timmothy Bernhard,dr.timmothy.bernhard,1969-01-09,bernhard.timmothy.dr@hotmail.com,male,99480674
Bernie Bernier,bernier_bernie,1994-01-11,bernier.bernie@yahoo.com,female,95143856
Leann Cruickshank Jr.,jr.cruickshank.leann,1977-02-10,leann_cruickshank_jr@gmail.com,male,90154670
Magdalen Feest DDS,dds_feest_magdalen,1954-09-03,feest.dds.magdalen@hotmail.com,female,98545802
Arlene Daniel,arlene_daniel,1970-02-20,arlene.daniel@gmail.com,female,94986048
Mrs. Cecilia Wehner,cecilia_wehner_mrs,1952-06-17,cecilia_mrs_wehner@gmail.com,male,92660829
Oscar Sipes,oscar_sipes,1956-02-12,sipes_oscar@yahoo.com,male,94869876
Vincenza Zieme,zieme.vincenza,1991-06-13,vincenza.zieme@hotmail.com,female,96248278
Raquel MacGyver,raquel_macgyver,1957-06-26,macgyver.raquel@yahoo.com,male,94744637
Creola Schneider,creola.schneider,1954-08-10,schneider.creola@yahoo.com,female,94532951
Giovanna Daniel I,i.giovanna.daniel,1955-06-16,daniel.i.giovanna@yahoo.com,female,95881364
Destiny Homenick Sr.,homenick.destiny.sr,1950-10-15,homenick_sr_destiny@hotmail.com,male,99315459
Mr. Bethel Jenkins,mr_jenkins_bethel,1972-12-02,jenkins_mr_bethel@yahoo.com,female,97489351
Ray Walter,ray_walter,1961-10-10,ray_walter@hotmail.com,male,94465958
Vicenta Gottlieb,gottlieb_vicenta,1980-01-19,vicenta.gottlieb@hotmail.com,male,91271521
Ubaldo Dickens,ubaldo_dickens,1979-05-05,ubaldo_dickens@yahoo.com,male,99361324
Shanny Bernier,shanny.bernier,1956-03-28,shanny_bernier@yahoo.com,female,91077992
Kirsten Dicki,dicki.kirsten,1975-02-13,kirsten_dicki@hotmail.com,female,94023602
Mr. Brayan Reynolds,brayan.mr.reynolds,1994-11-05,mr_reynolds_brayan@yahoo.com,male,98237354
Mariana McClure,mcclure_mariana,1985-03-16,mcclure_mariana@gmail.com,male,95067730
Simone Heaney,heaney.simone,1978-11-08,heaney.simone@gmail.com,male,98257562
Krista Cassin,cassin.krista,1996-12-06,cassin.krista@gmail.com,male,97020911
Isom Zboncak,isom.zboncak,1989-04-26,zboncak.isom@gmail.com,female,94969674
Norberto Lindgren,lindgren_norberto,1974-02-03,lindgren_norberto@gmail.com,female,98600936
Ned Schaefer I,schaefer.i.ned,1983-01-02,ned.schaefer.i@yahoo.com,male,98282508
Kassandra Treutel,kassandra_treutel,1958-03-19,treutel.kassandra@yahoo.com,female,97144606
Rosemarie Ferry,ferry.rosemarie,1989-02-06,ferry_rosemarie@gmail.com,male,90942722
Maeve Upton,upton.maeve,1973-07-26,upton_maeve@hotmail.com,female,97280814
Dr. Kendall Oberbrunner,kendall.oberbrunner.dr,1986-07-29,kendall_dr_oberbrunner@gmail.com,female,90208706
Calista Fritsch,fritsch.calista,1985-12-18,calista.fritsch@yahoo.com,female,93319122
Furman Renner,renner.furman,1957-09-15,renner_furman@gmail.com,male,93060338
Mrs. Roman Kling,kling_mrs_roman,1970-11-24,roman.kling.mrs@gmail.com,male,90981897
Russ Nolan,russ_nolan,1956-02-01,nolan_russ@hotmail.com,male,91645031
Gail Bahringer,bahringer_gail,1992-02-05,gail_bahringer@hotmail.com,female,94173243
Shemar Blanda,blanda_shemar,1976-09-20,shemar_blanda@gmail.com,female,91996160
Mr. Alba Hammes,alba.hammes.mr,1956-03-18,mr.alba.hammes@yahoo.com,female,95671310
Marlee Purdy,marlee.purdy,1968-04-13,purdy_marlee@gmail.com,male,92865214
Kimberly Cormier Sr.,cormier_kimberly_sr,1990-02-03,sr_cormier_kimberly@hotmail.com,female,95040042
Miss Osbaldo Schoen,miss.osbaldo.schoen,1952-01-12,miss_osbaldo_schoen@yahoo.com,female,95867945
Kitty Sauer,sauer.kitty,1961-02-10,kitty.sauer@gmail.com,male,97170030
Melvin Sauer,sauer_melvin,1961-07-11,melvin_sauer@yahoo.com,male,91615150
Narciso Kozey,narciso_kozey,1993-12-27,kozey.narciso@gmail.com,male,95857870
Golda Lockman Jr.,golda.jr.lockman,1967-04-22,golda_jr_lockman@gmail.com,female,90463200
Damaris Metz,metz_damaris,1996-09-13,damaris_metz@yahoo.com,female,99039743
Freddy Stamm,stamm_freddy,1972-03-31,freddy_stamm@gmail.com,male,90488190
Madisen Stiedemann,madisen.stiedemann,1971-05-09,madisen.stiedemann@gmail.com,female,94549807
Miss Mckenzie Cole,mckenzie_miss_cole,1989-03-21,cole.mckenzie.miss@gmail.com,female,92540933
Tabitha Deckow,deckow.tabitha,1957-07-17,deckow.tabitha@hotmail.com,female,90231038
Joanie Gerhold DVM,joanie_dvm_gerhold,1977-10-06,gerhold.joanie.dvm@gmail.com,female,93914003
Brayan Crooks III,brayan_crooks_iii,1994-09-21,crooks.brayan.iii@gmail.com,female,92373281
Keira Kautzer,keira_kautzer,1963-09-30,keira.kautzer@hotmail.com,female,96667929
Jimmy Jenkins I,i_jimmy_jenkins,1989-06-02,jenkins_i_jimmy@hotmail.com,female,99048649
Ms. Janessa Labadie,labadie_janessa_ms,1955-02-02,ms.labadie.janessa@gmail.com,female,92911921
Bernhard Howe,howe.bernhard,1979-05-04,bernhard.howe@yahoo.com,female,90065027
Mr. Leonora Friesen,mr_leonora_friesen,1979-10-15,leonora_mr_friesen@yahoo.com,female,99213279
Javonte Farrell,farrell.javonte,1990-10-05,farrell_javonte@yahoo.com,female,93777759
Lynn Durgan,lynn.durgan,1966-09-22,lynn.durgan@gmail.com,male,99297574
Pamela Kovacek,pamela_kovacek,1981-09-02,kovacek.pamela@yahoo.com,female,94121298
Ocie Purdy,purdy_ocie,1994-04-09,ocie.purdy@gmail.com,female,94924906
Nettie Gibson,nettie_gibson,1966-10-25,nettie.gibson@hotmail.com,female,95723938
Virgil Murazik Jr.,virgil.murazik.jr,1964-05-09,virgil.murazik.jr@yahoo.com,female,98975612
Richie Hansen,hansen_richie,1996-12-01,hansen.richie@gmail.com,male,97410268
Alva MacGyver III,iii_macgyver_alva,1969-09-15,iii_macgyver_alva@gmail.com,female,97384936
Norene Yundt,yundt.norene,1984-10-20,norene_yundt@gmail.com,male,98656424
Tevin Welch PhD,phd.tevin.welch,1991-01-09,welch.tevin.phd@gmail.com,female,96557942
Quinton Dach I,quinton_dach_i,1951-06-24,dach.i.quinton@hotmail.com,male,95405177
Julius Runte,julius_runte,1987-12-07,runte.julius@gmail.com,male,98281900
Bridie Wyman,wyman_bridie,1951-10-10,wyman.bridie@hotmail.com,male,98258081
Hilma Bauch,hilma_bauch,1977-02-14,bauch_hilma@yahoo.com,male,96531591
Harold Schmidt,harold_schmidt,1980-10-01,schmidt_harold@gmail.com,male,94188791
Hugh Torphy DVM,dvm.torphy.hugh,1951-10-15,dvm_hugh_torphy@gmail.com,female,97696574
Dayton Lind Sr.,dayton_sr_lind,1952-08-12,dayton.sr.lind@hotmail.com,male,97065554
Annabelle Hettinger,hettinger.annabelle,1957-08-08,annabelle.hettinger@gmail.com,male,92074257
Jude Bauch,bauch_jude,1979-09-06,jude_bauch@gmail.com,female,94242403
Ms. Johan Strosin,johan.strosin.ms,1985-11-22,ms_strosin_johan@gmail.com,female,95987560
Cheyenne Kozey MD,md_kozey_cheyenne,1951-11-09,kozey.md.cheyenne@hotmail.com,female,94682213
Ciara O'Connell,o_connell_ciara,1995-01-31,connell.o.ciara@hotmail.com,female,91552346
Nicolette Ernser,ernser_nicolette,1981-01-14,ernser_nicolette@hotmail.com,male,90395160
Brooks Ankunding,ankunding.brooks,1966-01-29,ankunding.brooks@gmail.com,female,90439512
Julius Goldner,julius_goldner,1987-09-09,goldner.julius@yahoo.com,male,98059868
Gabriella McClure,gabriella_mcclure,1976-08-26,gabriella_mcclure@hotmail.com,male,98499488
Erna Kshlerin,erna.kshlerin,1965-02-25,erna_kshlerin@yahoo.com,female,90255383
Bernice Rice,rice.bernice,1972-04-03,rice.bernice@yahoo.com,female,99842886
Esteban Hilll,hilll_esteban,1954-07-20,hilll_esteban@hotmail.com,female,92875554
Lester Wolff DDS,wolff.dds.lester,1953-10-20,wolff_dds_lester@yahoo.com,female,92789038
Rosie Sawayn,sawayn_rosie,1965-09-09,sawayn.rosie@hotmail.com,male,91918988
Elian Nikolaus,elian_nikolaus,1976-09-26,elian.nikolaus@gmail.com,male,96679382
Emory Herman,emory.herman,1969-10-12,emory_herman@hotmail.com,male,98307389
Alvena Willms PhD,willms_phd_alvena,1981-03-19,willms.phd.alvena@hotmail.com,male,99400709
Magnolia Gottlieb,magnolia.gottlieb,1978-07-02,magnolia_gottlieb@gmail.com,female,98611826
Korbin Lubowitz,korbin.lubowitz,1967-10-05,lubowitz.korbin@yahoo.com,female,97747030
Monique Conroy I,conroy.i.monique,1966-10-18,conroy.i.monique@yahoo.com,male,97503594
Will Hudson,will.hudson,1995-03-30,hudson_will@yahoo.com,female,92559835
Isabelle Wolff,wolff.isabelle,1961-11-11,wolff.isabelle@yahoo.com,male,91332471
Brooke Kihn PhD,brooke.phd.kihn,1958-08-23,phd_brooke_kihn@yahoo.com,female,90291846
Antonietta Kutch,kutch_antonietta,1996-04-17,kutch_antonietta@hotmail.com,male,90343203
Erna Hand,hand_erna,1993-03-21,erna_hand@yahoo.com,male,96660019
Eudora Mills,mills.eudora,1953-11-16,mills.eudora@gmail.com,male,95088758
Earl Cormier,earl_cormier,1955-01-24,earl.cormier@yahoo.com,male,94598079
Clifford Barrows,barrows_clifford,1979-05-18,barrows.clifford@hotmail.com,female,91911702
Mrs. Rhianna Koch,koch.mrs.rhianna,1980-02-26,rhianna.koch.mrs@hotmail.com,male,99063220
Arvid Pfeffer,arvid_pfeffer,1967-01-27,arvid_pfeffer@hotmail.com,male,98236692
Raheem Jacobson,jacobson.raheem,1963-12-30,raheem_jacobson@hotmail.com,female,96648434
Ms. Alexys Wuckert,wuckert.ms.alexys,1962-09-12,ms.alexys.wuckert@yahoo.com,male,98797676
Jarrett Daugherty,daugherty.jarrett,1969-03-08,daugherty.jarrett@hotmail.com,female,97353819
Mae Kovacek,mae.kovacek,1959-03-04,kovacek.mae@hotmail.com,female,93357014
Lorena Windler,windler.lorena,1961-09-12,lorena.windler@hotmail.com,female,93029287
Althea Bernier,bernier.althea,1964-09-20,althea.bernier@yahoo.com,male,90033762
Santina Reinger,reinger_santina,1959-07-01,santina.reinger@gmail.com,male,93536730
Jazmyne Nikolaus,jazmyne_nikolaus,1986-11-22,jazmyne_nikolaus@hotmail.com,male,92432126
Ibrahim Quitzon,ibrahim_quitzon,1954-11-28,ibrahim_quitzon@gmail.com,male,96997396
Lavinia Parker,parker_lavinia,1959-03-19,parker.lavinia@gmail.com,male,94841505
Layla Rice,layla_rice,1973-12-13,rice_layla@hotmail.com,male,95626775
Miss Jensen Schmitt,miss.schmitt.jensen,1968-05-06,jensen.schmitt.miss@gmail.com,male,93322549
Alexandre Gusikowski,gusikowski_alexandre,1961-03-10,alexandre.gusikowski@hotmail.com,male,95675287
Laura Rolfson III,laura.iii.rolfson,1960-03-17,rolfson_iii_laura@yahoo.com,female,94183065
Mr. Samson Marvin,mr_marvin_samson,1953-05-06,mr_marvin_samson@hotmail.com,female,97332332
Josefina Strosin IV,iv.josefina.strosin,1959-10-11,strosin_josefina_iv@gmail.com,male,99964476
Maribel Deckow,maribel_deckow,1957-12-20,maribel.deckow@gmail.com,female,91402996
Mrs. Maybell Wuckert,wuckert.maybell.mrs,1972-05-29,maybell.wuckert.mrs@gmail.com,female,91482631
Carolina Pagac,pagac_carolina,1952-06-27,carolina.pagac@gmail.com,male,92556117
Miss Valentin Bogisich,bogisich.valentin.miss,1992-09-15,bogisich_miss_valentin@yahoo.com,male,96095483
Pete Conn Jr.,conn.jr.pete,1995-07-10,jr.pete.conn@yahoo.com,male,99574113
Dalton Graham I,dalton.i.graham,1979-05-22,i_dalton_graham@yahoo.com,female,98105737
Kaylah Kunde,kunde.kaylah,1972-11-25,kaylah.kunde@yahoo.com,female,90471222
Westley Langosh,westley_langosh,1991-01-06,langosh.westley@hotmail.com,male,99689068
Khalid Kohler PhD,kohler.phd.khalid,1963-06-07,kohler.khalid.phd@yahoo.com,female,99179987
Wiley Schaden DVM,dvm_schaden_wiley,1993-12-16,schaden.wiley.dvm@gmail.com,female,91673092
Humberto Schaden,humberto_schaden,1956-08-13,schaden.humberto@hotmail.com,male,91719364
Cordie Johnson,johnson_cordie,1960-02-11,cordie_johnson@gmail.com,male,92827361
Jaiden Leffler IV,jaiden.leffler.iv,1967-03-15,leffler_jaiden_iv@gmail.com,male,94515854
Alessia Morissette DVM,morissette_alessia_dvm,1960-11-04,morissette.dvm.alessia@hotmail.com,female,92278350
Daisy Buckridge MD,daisy_md_buckridge,1968-11-25,md_buckridge_daisy@hotmail.com,female,98566336
Michael Bernier,bernier.michael,1959-10-08,bernier_michael@yahoo.com,female,95713514
Ms. Roger Hackett,roger.ms.hackett,1976-03-23,ms.roger.hackett@yahoo.com,female,93566346
Camilla Larkin PhD,larkin_phd_camilla,1950-10-24,camilla.larkin.phd@gmail.com,male,91285582
Larue Hills,hills_larue,1995-09-24,hills.larue@gmail.com,female,94308299
Henri Little,little_henri,1965-01-23,henri.little@hotmail.com,male,94012114
Jeffrey Botsford,botsford_jeffrey,1963-09-21,jeffrey_botsford@gmail.com,male,98635136
Dr. Ruben Hickle,hickle.ruben.dr,1993-07-24,ruben_dr_hickle@gmail.com,male,97997112
Rhianna Runolfsdottir,runolfsdottir.rhianna,1996-05-18,runolfsdottir_rhianna@yahoo.com,female,95029306
Britney Fadel DVM,dvm_fadel_britney,1988-01-17,dvm_fadel_britney@yahoo.com,male,98325778
Easter VonRueden,easter.vonrueden,1962-11-17,vonrueden.easter@hotmail.com,male,94446007
Odie Labadie,odie_labadie,1993-05-16,odie_labadie@hotmail.com,female,93940465
Amira Hayes,amira_hayes,1951-07-23,hayes.amira@hotmail.com,female,98533321
Dr. Gavin Muller,gavin_dr_muller,1994-03-13,gavin.dr.muller@gmail.com,female,91150657
Miss Anastacio Pouros,anastacio_miss_pouros,1964-11-03,anastacio.miss.pouros@yahoo.com,male,97361702
Claire Greenholt,claire_greenholt,1964-07-23,claire_greenholt@gmail.com,male,99936145
Jarrod Mitchell,mitchell.jarrod,1996-09-03,jarrod.mitchell@hotmail.com,female,94729152
Vickie Lind,lind.vickie,1978-12-26,vickie.lind@yahoo.com,female,95613392
Dr. Iva Ryan,ryan_iva_dr,1990-10-07,ryan_iva_dr@gmail.com,male,96480614
Ottis Hackett,ottis.hackett,1991-02-15,hackett.ottis@yahoo.com,male,94347124
Ms. Haylie McDermott,ms.mcdermott.haylie,1960-11-28,mcdermott.haylie.ms@gmail.com,female,91095223
Jamison Towne,towne_jamison,1951-05-28,jamison.towne@hotmail.com,female,92955568
Tianna Lind,tianna_lind,1951-10-20,tianna_lind@hotmail.com,male,93490243
Mrs. Mary Von,mrs_von_mary,1973-01-07,mary_mrs_von@gmail.com,female,97706870
Dino Russel,russel.dino,1977-03-07,russel.dino@hotmail.com,female,91102043
Blair Murray,murray_blair,1982-08-12,murray_blair@gmail.com,male,96360198
Jazmin Wiza,jazmin.wiza,1977-12-22,jazmin.wiza@yahoo.com,female,96612536
Ramiro Yost,yost_ramiro,1993-04-09,ramiro_yost@gmail.com,male,91847668
Adolfo Lebsack I,lebsack.adolfo.i,1953-07-28,i_lebsack_adolfo@gmail.com,female,99331774
Eda Stroman,stroman.eda,1995-07-26,stroman_eda@hotmail.com,female,99792133
Lewis Kling,lewis_kling,1960-07-09,kling.lewis@hotmail.com,female,99262946
Mrs. Maryam Berge,berge_mrs_maryam,1966-04-08,berge_mrs_maryam@yahoo.com,female,97468179
Queenie Gleason,queenie_gleason,1966-08-23,gleason_queenie@yahoo.com,female,91870564
Julie Lemke,lemke.julie,1967-06-12,lemke_julie@hotmail.com,female,93007238
Clark Rice,rice_clark,1983-03-08,rice_clark@gmail.com,female,90526184
Jay Bosco,bosco.jay,1991-05-12,bosco.jay@gmail.com,male,93793885
Mrs. Javon Botsford,javon.mrs.botsford,1984-12-04,mrs.botsford.javon@yahoo.com,male,99408485
Nannie Hackett,nannie.hackett,1991-05-24,hackett_nannie@hotmail.com,male,92421596
Myrtle Mueller Sr.,mueller.sr.myrtle,1976-06-28,sr.mueller.myrtle@hotmail.com,male,98794077
Mrs. Chesley Emard,emard.chesley.mrs,1971-04-19,mrs_emard_chesley@hotmail.com,female,98729990
Dewitt Zulauf,zulauf_dewitt,1977-02-09,zulauf_dewitt@hotmail.com,female,99528922
Coby Stiedemann,stiedemann.coby,1976-06-05,coby_stiedemann@yahoo.com,female,91191586
Kathryne Jaskolski,kathryne_jaskolski,1992-08-07,jaskolski.kathryne@gmail.com,male,90881161
Vanessa Osinski,vanessa_osinski,1975-02-06,osinski.vanessa@gmail.com,female,92443773
Mr. Tressie Effertz,tressie_effertz_mr,1981-07-12,effertz.tressie.mr@yahoo.com,male,93044254
Kellie Brown,brown.kellie,1987-01-06,brown.kellie@yahoo.com,female,93892895
Oswald Kunde,oswald_kunde,1985-10-13,oswald.kunde@hotmail.com,female,97557311
Korbin Sauer,sauer.korbin,1988-05-08,korbin_sauer@gmail.com,male,92889396
Leslie Satterfield,leslie.satterfield,1993-07-31,leslie_satterfield@yahoo.com,female,90326428
Colten Rowe,rowe_colten,1974-06-08,colten_rowe@gmail.com,female,94495231
Aiden Powlowski,aiden_powlowski,1993-02-22,aiden.powlowski@yahoo.com,female,90058115
Isabell Bode,bode.isabell,1984-06-04,bode.isabell@hotmail.com,female,98496644
Dr. Stuart Yundt,dr.yundt.stuart,1950-06-11,stuart_yundt_dr@gmail.com,male,97967119
Drake Nienow,drake_nienow,1978-08-08,nienow_drake@hotmail.com,male,96970517
Mr. Pearl Auer,pearl_auer_mr,1980-12-11,auer.mr.pearl@yahoo.com,female,97242135
Karina Hoeger PhD,phd.karina.hoeger,1957-04-23,karina.hoeger.phd@hotmail.com,male,92157275
Mia Lang,lang.mia,1952-08-27,lang.mia@yahoo.com,female,97398542
Wilton Crona,wilton.crona,1956-11-16,wilton_crona@gmail.com,female,93737789
Cordelia Quitzon,quitzon.cordelia,1967-06-21,quitzon_cordelia@hotmail.com,female,98416160
Cordie Dooley,dooley_cordie,1958-10-14,dooley.cordie@yahoo.com,female,92467518
Bette Buckridge Sr.,sr_bette_buckridge,1995-09-12,sr.buckridge.bette@gmail.com,female,95070201
Mrs. Jesse Cole,cole.mrs.jesse,1975-10-07,mrs.jesse.cole@yahoo.com,male,92262200
Lexus Jast,jast_lexus,1978-07-07,jast.lexus@yahoo.com,male,97243917
Oliver Denesik,denesik_oliver,1981-05-16,oliver.denesik@gmail.com,female,91592965
Miss Dayna Dietrich,dayna.miss.dietrich,1977-07-18,miss_dayna_dietrich@yahoo.com,female,97437591
Dr. Coralie Bechtelar,bechtelar.coralie.dr,1962-03-10,bechtelar_coralie_dr@hotmail.com,female,91376447
Pedro Maggio DVM,dvm.pedro.maggio,1958-08-01,pedro_dvm_maggio@gmail.com,male,99239573
Nikita Jacobi,jacobi_nikita,1996-05-17,jacobi.nikita@yahoo.com,male,98574558
Ward Skiles,ward_skiles,1952-05-18,ward.skiles@yahoo.com,male,91000538
Haven Bauch,bauch_haven,1955-10-12,haven_bauch@gmail.com,male,92652538
Elwyn Funk,funk.elwyn,1991-05-21,funk.elwyn@gmail.com,female,92324681
Kennedi Armstrong,kennedi.armstrong,1971-03-03,kennedi_armstrong@hotmail.com,female,99659225
Dr. Ashleigh Botsford,dr_ashleigh_botsford,1970-02-16,dr.ashleigh.botsford@gmail.com,female,98587866
Jon Brekke,jon_brekke,1960-09-05,jon.brekke@yahoo.com,male,96476127
Daisy Fahey,daisy_fahey,1992-12-08,daisy.fahey@gmail.com,male,90565383
Boyd Lindgren,boyd_lindgren,1970-08-25,boyd.lindgren@yahoo.com,male,94138263
Isobel Gaylord PhD,phd_gaylord_isobel,1982-05-01,isobel_gaylord_phd@gmail.com,male,94205338
Juliet Roob PhD,phd_roob_juliet,1989-12-11,phd_roob_juliet@hotmail.com,male,96706010
Ms. Victoria Simonis,ms_simonis_victoria,1963-05-19,victoria_simonis_ms@hotmail.com,male,95901551
Dean Mills,dean.mills,1955-07-26,mills_dean@hotmail.com,female,95200560
Tessie Heidenreich,heidenreich.tessie,1955-09-26,tessie.heidenreich@yahoo.com,male,97649140
Forrest Langosh PhD,langosh.forrest.phd,1976-09-22,langosh.phd.forrest@hotmail.com,male,94999749
Justina Bartoletti,justina.bartoletti,1982-04-07,bartoletti.justina@gmail.com,female,93661340
Maynard Wuckert,maynard_wuckert,1951-03-13,maynard.wuckert@hotmail.com,female,97292582
Christophe Schinner V,christophe.v.schinner,1991-09-16,v_christophe_schinner@yahoo.com,male,98823646
Emanuel Ankunding,ankunding.emanuel,1993-09-16,emanuel_ankunding@gmail.com,female,91700032
Joanny Bauch,bauch.joanny,1978-11-20,bauch_joanny@yahoo.com,female,92808045
Nakia Kling III,nakia.iii.kling,1978-03-14,nakia_iii_kling@yahoo.com,female,92947292
Sid Goodwin,sid.goodwin,1973-12-21,goodwin_sid@gmail.com,male,92386297
Euna Goldner,euna.goldner,1965-11-16,euna.goldner@hotmail.com,female,90271210
Vernie Schaefer,vernie.schaefer,1951-05-12,vernie.schaefer@yahoo.com,female,94129193
Jefferey Wuckert,wuckert.jefferey,1994-09-27,wuckert.jefferey@hotmail.com,female,94459318
Kayley Predovic,kayley.predovic,1953-12-04,kayley.predovic@yahoo.com,male,99650524
Eldridge Fay DVM,fay.eldridge.dvm,1968-08-08,fay.eldridge.dvm@yahoo.com,male,96715434
Dr. Fanny Ernser,ernser.dr.fanny,1988-09-11,fanny.ernser.dr@yahoo.com,female,92980927
Agnes Johnston,johnston_agnes,1964-11-11,agnes.johnston@hotmail.com,male,99044297
Camryn Kuvalis,kuvalis.camryn,1969-07-30,kuvalis_camryn@hotmail.com,female,91656417
Jennifer Kuhn,kuhn_jennifer,1987-06-18,jennifer.kuhn@yahoo.com,male,95374391
Gussie Dickinson,dickinson_gussie,1988-04-03,dickinson_gussie@yahoo.com,male,98289500
Miss Valentina Monahan,monahan_valentina_miss,1958-11-17,monahan_valentina_miss@gmail.com,male,94046752
Armando Hartmann,hartmann.armando,1955-09-01,armando_hartmann@gmail.com,male,92149209
Haley Cassin,cassin_haley,1970-06-13,haley_cassin@yahoo.com,female,94564547
Ms. Libby Frami,frami_ms_libby,1955-02-17,ms_libby_frami@hotmail.com,male,93172444
Winnifred Satterfield IV,iv.satterfield.winnifred,1988-07-03,winnifred.satterfield.iv@gmail.com,male,97740467
Santa Auer,auer_santa,1968-02-17,auer_santa@hotmail.com,female,99711700
Brannon Larkin,brannon_larkin,1955-09-13,brannon_larkin@yahoo.com,female,99332127
Tressa Johnson,tressa.johnson,1996-03-01,johnson_tressa@yahoo.com,female,96288454
Johan Abernathy III,abernathy.iii.johan,1955-12-30,iii.johan.abernathy@gmail.com,female,90092363
Dr. Rosanna Shields,dr_rosanna_shields,1990-06-03,shields.rosanna.dr@yahoo.com,male,99432358
Ludwig Lebsack,lebsack_ludwig,1962-04-06,lebsack_ludwig@yahoo.com,female,93669362
Karolann Ledner,ledner_karolann,1972-02-15,karolann.ledner@gmail.com,female,96662515
Dr. Icie Paucek,paucek_icie_dr,1974-03-08,paucek_dr_icie@yahoo.com,male,92772615
Mrs. Jayda Upton,jayda_mrs_upton,1959-02-07,mrs.upton.jayda@hotmail.com,male,99415175
Aaliyah Tremblay PhD,tremblay.aaliyah.phd,1990-08-26,tremblay_phd_aaliyah@hotmail.com,female,98931122
Marcelle Parisian,marcelle.parisian,1969-04-30,parisian_marcelle@gmail.com,female,97739050
Cornelius Cremin,cornelius.cremin,1956-01-07,cremin_cornelius@yahoo.com,male,96801179
Evert Konopelski,konopelski_evert,1980-09-23,konopelski_evert@hotmail.com,male,92540794
Hollis Cummings PhD,hollis_phd_cummings,1956-02-22,phd.hollis.cummings@yahoo.com,female,93659485
Cary Maggio,cary_maggio,1982-05-17,cary_maggio@yahoo.com,male,93837997
Luigi McDermott,mcdermott.luigi,1987-07-22,luigi.mcdermott@yahoo.com,male,98372101
Anderson Skiles,skiles_anderson,1959-03-19,skiles_anderson@gmail.com,female,99228241
Kip Balistreri,kip_balistreri,1988-04-29,kip.balistreri@hotmail.com,male,93026731
Mr. Demarcus Hammes,mr_demarcus_hammes,1970-09-29,mr_hammes_demarcus@yahoo.com,female,98242736
Adaline Bode,bode.adaline,1979-12-20,bode_adaline@yahoo.com,female,95585596
Christelle Hilpert,christelle_hilpert,1979-02-11,christelle_hilpert@hotmail.com,male,97312922
Reynold Friesen,reynold_friesen,1988-08-09,friesen_reynold@hotmail.com,female,99289805
Trenton Beer,beer_trenton,1992-03-27,beer.trenton@hotmail.com,male,91465482
Lazaro Smitham,lazaro_smitham,1980-12-13,smitham_lazaro@gmail.com,male,97497113
Roberta Fisher V,fisher_v_roberta,1977-09-21,roberta.v.fisher@yahoo.com,male,90588091
Flavie Bode,flavie.bode,1988-09-15,bode_flavie@gmail.com,female,96507687
Miss Maggie Bogisich,miss.bogisich.maggie,1964-04-25,bogisich.miss.maggie@gmail.com,female,98276723
Mollie Krajcik,mollie.krajcik,1982-12-05,krajcik_mollie@gmail.com,male,90330271
Rosa O'Connell,rosa_o_connell,1951-04-08,connell.o.rosa@yahoo.com,female,91928224
Dangelo Beer,dangelo_beer,1974-06-20,dangelo.beer@gmail.com,female,99511565
Devon Rempel,rempel.devon,1972-07-30,rempel.devon@gmail.com,male,90327200
Ethelyn Walsh III,ethelyn_walsh_iii,1973-07-03,walsh.iii.ethelyn@yahoo.com,female,97135714
Abe Langworth,abe.langworth,1983-01-25,abe.langworth@hotmail.com,female,94839863
Tavares Altenwerth Jr.,altenwerth.tavares.jr,1987-08-25,tavares.altenwerth.jr@yahoo.com,male,97154285
Dr. Chad Denesik,chad.denesik.dr,1957-11-19,denesik.dr.chad@hotmail.com,female,93437712
Ms. Claudia Carroll,claudia_carroll_ms,1976-02-11,ms_claudia_carroll@gmail.com,female,94894152
Dr. Shanel Macejkovic,macejkovic.shanel.dr,1972-02-01,macejkovic.dr.shanel@gmail.com,male,91706307
Olen Corkery,olen.corkery,1957-01-26,olen.corkery@gmail.com,female,96976110
Dana Shields,shields_dana,1992-09-23,dana_shields@hotmail.com,male,97769398
Norwood Kling,kling_norwood,1992-05-14,norwood.kling@yahoo.com,female,93053586
Mr. Addison Oberbrunner,oberbrunner_mr_addison,1994-04-15,addison.oberbrunner.mr@gmail.com,female,94579568
Miss Penelope Gutkowski,miss.gutkowski.penelope,1995-10-03,penelope.miss.gutkowski@yahoo.com,female,90277125
Marlen Goyette,goyette.marlen,1981-01-02,marlen.goyette@gmail.com,male,96671904
Shirley Koelpin,shirley_koelpin,1951-06-06,shirley_koelpin@gmail.com,male,99986277
Marcus Ortiz,ortiz_marcus,1955-07-26,ortiz_marcus@hotmail.com,female,91047155
John Huel,john.huel,1950-11-24,john.huel@hotmail.com,male,98791804
Damion Hermiston,damion_hermiston,1984-02-10,damion.hermiston@yahoo.com,female,93485085
Dr. Palma Crooks,palma_crooks_dr,1960-04-08,palma.dr.crooks@yahoo.com,male,97406851
Armani Crooks,armani.crooks,1995-11-29,armani.crooks@hotmail.com,male,98643098
Estevan Kutch,kutch.estevan,1981-06-16,kutch.estevan@yahoo.com,female,98866951
Elenor Boyle I,boyle_i_elenor,1961-09-03,i_boyle_elenor@hotmail.com,female,95834484
Quentin Grimes,quentin_grimes,1986-12-01,grimes_quentin@yahoo.com,female,91749065
Keven Baumbach,baumbach_keven,1959-01-09,baumbach.keven@gmail.com,female,99888024
Jeffery Stehr,jeffery_stehr,1959-07-18,stehr.jeffery@gmail.com,female,90417741
Mrs. Brando Pacocha,brando_mrs_pacocha,1959-02-19,pacocha_brando_mrs@gmail.com,male,93207835
Candace Hane DVM,dvm_hane_candace,1981-06-22,dvm_candace_hane@gmail.com,female,92437360
Stacy Howell,howell.stacy,1964-11-13,howell_stacy@yahoo.com,male,93670697
Kaela Zboncak,zboncak.kaela,1971-07-05,kaela_zboncak@hotmail.com,male,98845078
Ernest Hegmann,ernest_hegmann,1964-03-21,ernest_hegmann@gmail.com,female,90410915
Hershel Effertz,effertz_hershel,1956-02-29,effertz.hershel@hotmail.com,male,99293030
Baron Dare,baron.dare,1961-11-06,dare.baron@gmail.com,female,95251210
Cyrus Sanford DVM,cyrus_sanford_dvm,1989-04-24,cyrus_dvm_sanford@hotmail.com,female,91091268
Linnie Parker,linnie_parker,1966-01-24,parker_linnie@yahoo.com,female,94042035
Dave Lueilwitz,dave.lueilwitz,1968-04-05,lueilwitz_dave@gmail.com,female,91289623
Lolita MacGyver,lolita_macgyver,1954-05-23,lolita_macgyver@hotmail.com,female,94963178
Adolfo Cormier,cormier_adolfo,1988-05-06,adolfo.cormier@gmail.com,female,93990393
Mrs. Aric Kemmer,kemmer.aric.mrs,1989-03-13,aric.kemmer.mrs@hotmail.com,male,97196150
Sandra Mertz,sandra_mertz,1995-12-01,mertz.sandra@gmail.com,male,90126365
Dylan West,west_dylan,1986-03-10,dylan.west@gmail.com,male,97830608
Tillman Grant,grant_tillman,1973-12-23,tillman_grant@gmail.com,female,94658230
Maxwell Herzog,herzog.maxwell,1963-10-05,maxwell_herzog@hotmail.com,male,91398300
Leland Rolfson,leland_rolfson,1980-05-09,rolfson.leland@gmail.com,male,91392750
Violette Jacobs,violette_jacobs,1991-01-13,jacobs.violette@gmail.com,female,95554518
Gerardo Bosco,bosco.gerardo,1988-05-18,bosco.gerardo@gmail.com,female,91895508
Lexie Leffler,leffler.lexie,1981-10-13,lexie_leffler@yahoo.com,female,90115001
Camden Lynch,camden_lynch,1996-10-17,camden.lynch@yahoo.com,female,99186392
Devonte Emard,devonte_emard,1990-12-01,emard.devonte@yahoo.com,female,93653632
Keagan Kuhlman,kuhlman.keagan,1991-07-18,keagan_kuhlman@hotmail.com,female,94290130
Alaina Beatty,alaina_beatty,1969-10-30,alaina_beatty@hotmail.com,male,91327133
Brody Swaniawski,brody_swaniawski,1980-03-19,swaniawski.brody@hotmail.com,female,93977286
Abigail Skiles,skiles.abigail,1952-11-08,skiles.abigail@gmail.com,female,96147367
Lourdes Marks,marks_lourdes,1978-05-04,lourdes.marks@yahoo.com,female,96076098
Camylle Ferry,ferry_camylle,1996-10-01,ferry.camylle@yahoo.com,female,90282866
Titus Purdy,titus_purdy,1966-06-09,purdy_titus@yahoo.com,male,90898976
Brannon Johnson III,iii_brannon_johnson,1975-02-24,johnson_brannon_iii@yahoo.com,female,98899064
Justen Ratke Sr.,justen_ratke_sr,1981-05-27,sr.ratke.justen@hotmail.com,female,90141268
Erik Tromp,erik_tromp,1967-08-29,erik_tromp@hotmail.com,male,92396634
Aglae Dare,aglae_dare,1988-04-21,aglae.dare@hotmail.com,male,92456481
